https://scottishrollerderby.wordpress.com/2017/12/12/tdtm-listener-awards-2017-the-officials/,https://scottishrollerderby.wordpress.com/posts/2017/12/12/tdtm-listener-awards-2017-the-officials.html
https://scottishrollerderby.wordpress.com/2017/12/12/non-us-canadian-derby-roundup-16th-17th-december-edition/,https://scottishrollerderby.wordpress.com/posts/2017/12/12/non-us-canadian-derby-roundup-16th-17th-december-edition.html
https://scottishrollerderby.wordpress.com/2017/12/19/non-us-canadian-derby-roundup-23rd-24th-december-edition/,https://scottishrollerderby.wordpress.com/posts/2017/12/19/non-us-canadian-derby-roundup-23rd-24th-december-edition.html
https://scottishrollerderby.wordpress.com/2018/02/14/roller-derby-is-back-in-grangemouth-in-2018/,https://scottishrollerderby.wordpress.com/posts/2018/02/14/roller-derby-is-back-in-grangemouth-in-2018.html
https://scottishrollerderby.wordpress.com/2018/02/14/non-us-canadian-derby-roundup-17-18th-jan-edition/,https://scottishrollerderby.wordpress.com/posts/2018/02/14/non-us-canadian-derby-roundup-17-18th-jan-edition.html
https://scottishrollerderby.wordpress.com/2018/02/19/non-us-canadian-derby-roundup-24-25th-feb-edition/,https://scottishrollerderby.wordpress.com/posts/2018/02/19/non-us-canadian-derby-roundup-24-25th-feb-edition.html
https://scottishrollerderby.wordpress.com/2018/02/26/non-us-canadian-derby-roundup-2nd-3rd-mar-edition/,https://scottishrollerderby.wordpress.com/posts/2018/02/26/non-us-canadian-derby-roundup-2nd-3rd-mar-edition.html
https://scottishrollerderby.wordpress.com/2018/03/05/non-us-canadian-derby-roundup-10th-11th-mar-edition/,https://scottishrollerderby.wordpress.com/posts/2018/03/05/non-us-canadian-derby-roundup-10th-11th-mar-edition.html
https://scottishrollerderby.wordpress.com/?p=26477,https://scottishrollerderby.wordpress.com/posts/26477.html
https://scottishrollerderby.wordpress.com/2018/03/22/roller-derby-and-open-consensus-software/,https://scottishrollerderby.wordpress.com/posts/2018/03/22/roller-derby-and-open-consensus-software.html
https://scottishrollerderby.wordpress.com/2018/03/09/the-vanishing-history-of-roller-derby/,https://scottishrollerderby.wordpress.com/posts/2018/03/09/the-vanishing-history-of-roller-derby.html
https://scottishrollerderby.wordpress.com/2018/03/12/non-us-canadian-derby-roundup-17th-18th-mar-edition/,https://scottishrollerderby.wordpress.com/posts/2018/03/12/non-us-canadian-derby-roundup-17th-18th-mar-edition.html
https://scottishrollerderby.wordpress.com/2018/03/19/non-us-canadian-derby-roundup-24th-25th-mar-edition/,https://scottishrollerderby.wordpress.com/posts/2018/03/19/non-us-canadian-derby-roundup-24th-25th-mar-edition.html
https://scottishrollerderby.wordpress.com/2018/03/27/bairn-city-rollers-central-scotlands-international-derby-league/,https://scottishrollerderby.wordpress.com/posts/2018/03/27/bairn-city-rollers-central-scotlands-international-derby-league.html
https://scottishrollerderby.wordpress.com/2018/03/28/2018-seasons-beginnings-for-drg/,https://scottishrollerderby.wordpress.com/posts/2018/03/28/2018-seasons-beginnings-for-drg.html
https://scottishrollerderby.wordpress.com/2018/03/26/non-us-canadian-derby-roundup31st-mar-1st-apr-edition/,https://scottishrollerderby.wordpress.com/posts/2018/03/26/non-us-canadian-derby-roundup31st-mar-1st-apr-edition.html
https://scottishrollerderby.wordpress.com/2018/03/29/non-us-canadian-derby-roundup7th-8th-apr-edition/,https://scottishrollerderby.wordpress.com/posts/2018/03/29/non-us-canadian-derby-roundup7th-8th-apr-edition.html
https://scottishrollerderby.wordpress.com/2018/03/29/non-us-canadian-derby-roundup14th-15th-apr-edition/,https://scottishrollerderby.wordpress.com/posts/2018/03/29/non-us-canadian-derby-roundup14th-15th-apr-edition.html
https://scottishrollerderby.wordpress.com/2018/03/27/granite-city-roller-derby-home-teams-and-rising-stars/,https://scottishrollerderby.wordpress.com/posts/2018/03/27/granite-city-roller-derby-home-teams-and-rising-stars.html
https://scottishrollerderby.wordpress.com/2018/04/11/dundees-derby-rebrand/,https://scottishrollerderby.wordpress.com/posts/2018/04/11/dundees-derby-rebrand.html
https://scottishrollerderby.wordpress.com/2018/04/05/mrdwc2018-day-1-scores-and-analysis/,https://scottishrollerderby.wordpress.com/posts/2018/04/05/mrdwc2018-day-1-scores-and-analysis.html
https://scottishrollerderby.wordpress.com/2018/04/25/mrdwc-2018-post-mortem/,https://scottishrollerderby.wordpress.com/posts/2018/04/25/mrdwc-2018-post-mortem.html
https://scottishrollerderby.wordpress.com/2018/04/15/who-are-we-ntrg-new-towns-thoughts-on-their-upcoming-game-in-inverness/,https://scottishrollerderby.wordpress.com/posts/2018/04/15/who-are-we-ntrg-new-towns-thoughts-on-their-upcoming-game-in-inverness.html
https://scottishrollerderby.wordpress.com/2018/04/17/non-us-canadian-derby-roundup21st-22nd-apr-edition/,https://scottishrollerderby.wordpress.com/posts/2018/04/17/non-us-canadian-derby-roundup21st-22nd-apr-edition.html
https://scottishrollerderby.wordpress.com/2018/04/26/euroclash-2018-newcastle-roller-girls-tournament-expands-beyond-the-euro/,https://scottishrollerderby.wordpress.com/posts/2018/04/26/euroclash-2018-newcastle-roller-girls-tournament-expands-beyond-the-euro.html
https://scottishrollerderby.wordpress.com/2018/04/25/auld-reekies-10-anniversary-rebrand-with-your-help/,https://scottishrollerderby.wordpress.com/posts/2018/04/25/auld-reekies-10-anniversary-rebrand-with-your-help.html
https://scottishrollerderby.wordpress.com/2018/04/24/non-us-canadian-derby-roundup28th-29th-apr-edition/,https://scottishrollerderby.wordpress.com/posts/2018/04/24/non-us-canadian-derby-roundup28th-29th-apr-edition.html
https://scottishrollerderby.wordpress.com/2018/04/29/non-us-canadian-derby-roundup5th-6th-may-edition/,https://scottishrollerderby.wordpress.com/posts/2018/04/29/non-us-canadian-derby-roundup5th-6th-may-edition.html
https://scottishrollerderby.wordpress.com/2018/05/08/non-us-canadian-derby-roundup12th-13th-may-edition/,https://scottishrollerderby.wordpress.com/posts/2018/05/08/non-us-canadian-derby-roundup12th-13th-may-edition.html
https://scottishrollerderby.wordpress.com/2018/05/09/euroclash-2018-two-weeks-to-go-schedule-updated-predictions/,https://scottishrollerderby.wordpress.com/posts/2018/05/09/euroclash-2018-two-weeks-to-go-schedule-updated-predictions.html
https://scottishrollerderby.wordpress.com/2018/05/14/non-us-canadian-derby-roundup19th-20th-may-edition/,https://scottishrollerderby.wordpress.com/posts/2018/05/14/non-us-canadian-derby-roundup19th-20th-may-edition.html
https://scottishrollerderby.wordpress.com/2018/05/21/viqueens-victorious-valhalla-a-test-for-pivotstar-rules/,https://scottishrollerderby.wordpress.com/posts/2018/05/21/viqueens-victorious-valhalla-a-test-for-pivotstar-rules.html
https://scottishrollerderby.wordpress.com/2018/05/19/mid-weekend-tournament-update-special/,https://scottishrollerderby.wordpress.com/posts/2018/05/19/mid-weekend-tournament-update-special.html
https://scottishrollerderby.wordpress.com/2018/05/21/non-us-canadian-derby-roundup26th-27th-may-edition/,https://scottishrollerderby.wordpress.com/posts/2018/05/21/non-us-canadian-derby-roundup26th-27th-may-edition.html
https://scottishrollerderby.wordpress.com/2018/05/23/how-to-help-team-gb-juniors-make-history-for-jrda-championships/,https://scottishrollerderby.wordpress.com/posts/2018/05/23/how-to-help-team-gb-juniors-make-history-for-jrda-championships.html
https://scottishrollerderby.wordpress.com/2018/05/28/non-us-canadian-derby-roundup2nd-3rd-june-edition/,https://scottishrollerderby.wordpress.com/posts/2018/05/28/non-us-canadian-derby-roundup2nd-3rd-june-edition.html
https://scottishrollerderby.wordpress.com/2018/06/04/non-us-canadian-derby-roundup9th-10th-june-edition/,https://scottishrollerderby.wordpress.com/posts/2018/06/04/non-us-canadian-derby-roundup9th-10th-june-edition.html
https://scottishrollerderby.wordpress.com/2018/06/05/derby-without-borders-an-interview-with-founder-mae-dae/,https://scottishrollerderby.wordpress.com/posts/2018/06/05/derby-without-borders-an-interview-with-founder-mae-dae.html
https://scottishrollerderby.wordpress.com/2018/06/12/roller-derby-comes-to-kyoto-%e3%83%ad%e3%83%bc%e3%83%a9%e3%83%bc%e3%83%80%e3%83%bc%e3%83%93%e3%83%bc%e3%81%8c%e4%ba%ac%e9%83%bd%e3%81%ab%e6%9d%a5%e3%82%8b%e3%80%82/,https://scottishrollerderby.wordpress.com/posts/2018/06/12/roller-derby-comes-to-kyoto-roradabigajing-du-nilai-ru.html
https://scottishrollerderby.wordpress.com/2018/06/11/non-us-canadian-derby-roundup16th-17th-june-edition/,https://scottishrollerderby.wordpress.com/posts/2018/06/11/non-us-canadian-derby-roundup16th-17th-june-edition.html
https://scottishrollerderby.wordpress.com/2018/06/13/mean-city-face-the-lothians-twice-16th-june/,https://scottishrollerderby.wordpress.com/posts/2018/06/13/mean-city-face-the-lothians-twice-16th-june.html
https://scottishrollerderby.wordpress.com/2018/06/15/granite-citys-hawks-off-to-fight-in-portugal/,https://scottishrollerderby.wordpress.com/posts/2018/06/15/granite-citys-hawks-off-to-fight-in-portugal.html
https://scottishrollerderby.wordpress.com/2018/06/22/torneo-violentango-6-argentinas-biggest-tournament-goes-b-c/,https://scottishrollerderby.wordpress.com/posts/2018/06/22/torneo-violentango-6-argentinas-biggest-tournament-goes-b-c.html
https://scottishrollerderby.wordpress.com/2018/06/18/non-us-canadian-derby-roundup23rd-24th-june-edition/,https://scottishrollerderby.wordpress.com/posts/2018/06/18/non-us-canadian-derby-roundup23rd-24th-june-edition.html
https://scottishrollerderby.wordpress.com/2018/06/20/fair-city-rollers-rising/,https://scottishrollerderby.wordpress.com/posts/2018/06/20/fair-city-rollers-rising.html
https://scottishrollerderby.wordpress.com/2018/06/21/derby-directory-a-new-uk-focused-resource-for-growing-the-sport/,https://scottishrollerderby.wordpress.com/posts/2018/06/21/derby-directory-a-new-uk-focused-resource-for-growing-the-sport.html
https://scottishrollerderby.wordpress.com/2018/06/25/non-us-canadian-derby-roundup30th-june-1st-july-edition/,https://scottishrollerderby.wordpress.com/posts/2018/06/25/non-us-canadian-derby-roundup30th-june-1st-july-edition.html
https://scottishrollerderby.wordpress.com/2018/06/26/ukrda-elections-update-your-new-directors/,https://scottishrollerderby.wordpress.com/posts/2018/06/26/ukrda-elections-update-your-new-directors.html
https://scottishrollerderby.wordpress.com/2018/06/28/dundee-heads-to-paris/,https://scottishrollerderby.wordpress.com/posts/2018/06/28/dundee-heads-to-paris.html
https://scottishrollerderby.wordpress.com/2018/07/18/mexican-national-championships-2018/,https://scottishrollerderby.wordpress.com/posts/2018/07/18/mexican-national-championships-2018.html
https://scottishrollerderby.wordpress.com/2018/07/02/non-us-canadian-derby-roundup7th-8th-july-edition/,https://scottishrollerderby.wordpress.com/posts/2018/07/02/non-us-canadian-derby-roundup7th-8th-july-edition.html
https://scottishrollerderby.wordpress.com/2018/07/08/non-us-canadian-derby-roundup14th-15th-july-edition/,https://scottishrollerderby.wordpress.com/posts/2018/07/08/non-us-canadian-derby-roundup14th-15th-july-edition.html
https://scottishrollerderby.wordpress.com/2018/07/15/non-us-canadian-derby-roundup21st-22nd-july-edition/,https://scottishrollerderby.wordpress.com/posts/2018/07/15/non-us-canadian-derby-roundup21st-22nd-july-edition.html
https://scottishrollerderby.wordpress.com/2018/07/26/chilean-national-championships-2018-torneo-x-returns/,https://scottishrollerderby.wordpress.com/posts/2018/07/26/chilean-national-championships-2018-torneo-x-returns.html
https://scottishrollerderby.wordpress.com/2018/07/24/granite-city-host-double-header/,https://scottishrollerderby.wordpress.com/posts/2018/07/24/granite-city-host-double-header.html
https://scottishrollerderby.wordpress.com/2018/07/23/non-us-canadian-derby-roundup28th-29th-july-edition/,https://scottishrollerderby.wordpress.com/posts/2018/07/23/non-us-canadian-derby-roundup28th-29th-july-edition.html
https://scottishrollerderby.wordpress.com/2018/08/10/mens-european-cup-2018-the-walker-activity-domes-last-hurrah/,https://scottishrollerderby.wordpress.com/posts/2018/08/10/mens-european-cup-2018-the-walker-activity-domes-last-hurrah.html
https://scottishrollerderby.wordpress.com/2018/07/30/bcrs-central-belters-are-back-on-track-in-2018/,https://scottishrollerderby.wordpress.com/posts/2018/07/30/bcrs-central-belters-are-back-on-track-in-2018.html
https://scottishrollerderby.wordpress.com/2018/08/01/the-5th-colombian-national-tournament-2018-so-far/,https://scottishrollerderby.wordpress.com/posts/2018/08/01/the-5th-colombian-national-tournament-2018-so-far.html
https://scottishrollerderby.wordpress.com/2018/07/31/derby-stance-2018-rule56s-coaching-summit-returns-now-international/,https://scottishrollerderby.wordpress.com/posts/2018/07/31/derby-stance-2018-rule56s-coaching-summit-returns-now-international.html
https://scottishrollerderby.wordpress.com/2018/07/30/non-us-canadian-derby-roundup-4th-5th-august-edition/,https://scottishrollerderby.wordpress.com/posts/2018/07/30/non-us-canadian-derby-roundup-4th-5th-august-edition.html
https://scottishrollerderby.wordpress.com/2018/08/07/non-us-canadian-derby-roundup-11th-12th-august-edition/,https://scottishrollerderby.wordpress.com/posts/2018/08/07/non-us-canadian-derby-roundup-11th-12th-august-edition.html
https://scottishrollerderby.wordpress.com/2018/08/13/non-us-canadian-derby-roundup-18th-19th-august-edition-2/,https://scottishrollerderby.wordpress.com/posts/2018/08/13/non-us-canadian-derby-roundup-18th-19th-august-edition-2.html
https://scottishrollerderby.wordpress.com/2018/08/16/dundees-call-for-skaters-in-double-header-event/,https://scottishrollerderby.wordpress.com/posts/2018/08/16/dundees-call-for-skaters-in-double-header-event.html
https://scottishrollerderby.wordpress.com/2018/08/15/orkneys-viqueens-invade-inverness/,https://scottishrollerderby.wordpress.com/posts/2018/08/15/orkneys-viqueens-invade-inverness.html
https://scottishrollerderby.wordpress.com/2018/08/20/non-us-canadian-derby-roundup-25th-26th-august-edition/,https://scottishrollerderby.wordpress.com/posts/2018/08/20/non-us-canadian-derby-roundup-25th-26th-august-edition.html
https://scottishrollerderby.wordpress.com/2018/08/23/the-slavic-roller-derby-tournament-grows-into-its-second-year-adds-the-baltics/,https://scottishrollerderby.wordpress.com/posts/2018/08/23/the-slavic-roller-derby-tournament-grows-into-its-second-year-adds-the-baltics.html
https://scottishrollerderby.wordpress.com/2018/08/27/non-us-canadian-derby-roundup-1st-2nd-september-edition/,https://scottishrollerderby.wordpress.com/posts/2018/08/27/non-us-canadian-derby-roundup-1st-2nd-september-edition.html
https://scottishrollerderby.wordpress.com/2018/08/30/pajaros-pintados-a-bit-about-uruguays-painted-birds/,https://scottishrollerderby.wordpress.com/posts/2018/08/30/pajaros-pintados-a-bit-about-uruguays-painted-birds.html
https://scottishrollerderby.wordpress.com/2018/09/03/non-us-canadian-derby-roundup-8th-9th-september-edition/,https://scottishrollerderby.wordpress.com/posts/2018/09/03/non-us-canadian-derby-roundup-8th-9th-september-edition.html
https://scottishrollerderby.wordpress.com/2018/09/06/big-blether-2-mean-city-host-the-return-of-the-scottish-derby-community-meetup/,https://scottishrollerderby.wordpress.com/posts/2018/09/06/big-blether-2-mean-city-host-the-return-of-the-scottish-derby-community-meetup.html
https://scottishrollerderby.wordpress.com/2018/09/14/the-silver-city-cup-scotlands-first-mrda-tournament/,https://scottishrollerderby.wordpress.com/posts/2018/09/14/the-silver-city-cup-scotlands-first-mrda-tournament.html
https://scottishrollerderby.wordpress.com/2018/09/06/silver-city-cup-a-brawling-interview/,https://scottishrollerderby.wordpress.com/posts/2018/09/06/silver-city-cup-a-brawling-interview.html
https://scottishrollerderby.wordpress.com/2018/09/10/non-us-canadian-derby-roundup-15th-16th-september-edition-2/,https://scottishrollerderby.wordpress.com/posts/2018/09/10/non-us-canadian-derby-roundup-15th-16th-september-edition-2.html
https://scottishrollerderby.wordpress.com/2018/09/18/non-us-canadian-derby-roundup-22nd-23rd-september-edition/,https://scottishrollerderby.wordpress.com/posts/2018/09/18/non-us-canadian-derby-roundup-22nd-23rd-september-edition.html
https://scottishrollerderby.wordpress.com/2018/09/25/non-us-canadian-derby-roundup-29th-30th-september-edition/,https://scottishrollerderby.wordpress.com/posts/2018/09/25/non-us-canadian-derby-roundup-29th-30th-september-edition.html
https://scottishrollerderby.wordpress.com/2018/10/01/non-us-canadian-derby-roundup-6th-7th-october-edition/,https://scottishrollerderby.wordpress.com/posts/2018/10/01/non-us-canadian-derby-roundup-6th-7th-october-edition.html
https://scottishrollerderby.wordpress.com/2018/10/11/the-brasileirao-brazils-national-championships-at-8/,https://scottishrollerderby.wordpress.com/posts/2018/10/11/the-brasileirao-brazils-national-championships-at-8.html
https://scottishrollerderby.wordpress.com/2018/10/04/europes-first-continental-cup-the-uks-next-international-derby-fixture-in-2018/,https://scottishrollerderby.wordpress.com/posts/2018/10/04/europes-first-continental-cup-the-uks-next-international-derby-fixture-in-2018.html
https://scottishrollerderby.wordpress.com/2018/10/09/non-us-canadian-derby-roundup-13th-14th-october-edition/,https://scottishrollerderby.wordpress.com/posts/2018/10/09/non-us-canadian-derby-roundup-13th-14th-october-edition.html
https://scottishrollerderby.wordpress.com/2018/10/15/non-us-canadian-derby-roundup-20th-21st-october-edition/,https://scottishrollerderby.wordpress.com/posts/2018/10/15/non-us-canadian-derby-roundup-20th-21st-october-edition.html
https://scottishrollerderby.wordpress.com/2018/10/26/short-track-roller-derby-a-first-scottish-test/,https://scottishrollerderby.wordpress.com/posts/2018/10/26/short-track-roller-derby-a-first-scottish-test.html
https://scottishrollerderby.wordpress.com/2018/10/23/non-us-canadian-derby-roundup-27th-28th-october-edition/,https://scottishrollerderby.wordpress.com/posts/2018/10/23/non-us-canadian-derby-roundup-27th-28th-october-edition.html
https://scottishrollerderby.wordpress.com/2018/10/29/non-us-canadian-derby-roundup-3rd-4th-november-edition/,https://scottishrollerderby.wordpress.com/posts/2018/10/29/non-us-canadian-derby-roundup-3rd-4th-november-edition.html
https://scottishrollerderby.wordpress.com/2018/11/02/auld-reekie-roller-derby-the-story-behind-the-rebrand-a-guest-post/,https://scottishrollerderby.wordpress.com/posts/2018/11/02/auld-reekie-roller-derby-the-story-behind-the-rebrand-a-guest-post.html
https://scottishrollerderby.wordpress.com/2018/10/31/south-africas-national-derby-fest-2018-three-years-of-festivals/,https://scottishrollerderby.wordpress.com/posts/2018/10/31/south-africas-national-derby-fest-2018-three-years-of-festivals.html
https://scottishrollerderby.wordpress.com/2018/11/09/guest-article-strength-factor-challenges-for-europeans/,https://scottishrollerderby.wordpress.com/posts/2018/11/09/guest-article-strength-factor-challenges-for-europeans.html
https://scottishrollerderby.wordpress.com/2018/11/06/non-us-canadian-derby-roundup-10th-11th-november-edition/,https://scottishrollerderby.wordpress.com/posts/2018/11/06/non-us-canadian-derby-roundup-10th-11th-november-edition.html
https://scottishrollerderby.wordpress.com/2018/11/12/non-us-canadian-derby-roundup-17th-18th-november-edition/,https://scottishrollerderby.wordpress.com/posts/2018/11/12/non-us-canadian-derby-roundup-17th-18th-november-edition.html
https://scottishrollerderby.wordpress.com/?p=27745,https://scottishrollerderby.wordpress.com/posts/27745.html
https://scottishrollerderby.wordpress.com/2018/11/20/non-us-canadian-derby-roundup-24th-25th-november-edition/,https://scottishrollerderby.wordpress.com/posts/2018/11/20/non-us-canadian-derby-roundup-24th-25th-november-edition.html
https://scottishrollerderby.wordpress.com/2018/11/22/guest-post-roller-derby-bangkok-style/,https://scottishrollerderby.wordpress.com/posts/2018/11/22/guest-post-roller-derby-bangkok-style.html
https://scottishrollerderby.wordpress.com/2018/11/27/non-us-canadian-derby-roundup-1st-2nd-december-edition/,https://scottishrollerderby.wordpress.com/posts/2018/11/27/non-us-canadian-derby-roundup-1st-2nd-december-edition.html
https://scottishrollerderby.wordpress.com/2018/12/03/eroc-2019-the-return-of-europes-community-conference/,https://scottishrollerderby.wordpress.com/posts/2018/12/03/eroc-2019-the-return-of-europes-community-conference.html
https://scottishrollerderby.wordpress.com/2018/11/29/jewish-roller-derby-shining-a-light/,https://scottishrollerderby.wordpress.com/posts/2018/11/29/jewish-roller-derby-shining-a-light.html
https://scottishrollerderby.wordpress.com/2018/12/05/non-us-canadian-derby-roundup-8th-9th-december-edition/,https://scottishrollerderby.wordpress.com/posts/2018/12/05/non-us-canadian-derby-roundup-8th-9th-december-edition.html
https://scottishrollerderby.wordpress.com/?p=27829,https://scottishrollerderby.wordpress.com/posts/27829.html
https://scottishrollerderby.wordpress.com/2018/12/11/in-the-news-rating-wftda/,https://scottishrollerderby.wordpress.com/posts/2018/12/11/in-the-news-rating-wftda.html
https://scottishrollerderby.wordpress.com/?p=27836,https://scottishrollerderby.wordpress.com/posts/27836.html
https://scottishrollerderby.wordpress.com/2018/12/12/non-us-canadian-derby-roundup-15th-16th-december-edition/,https://scottishrollerderby.wordpress.com/posts/2018/12/12/non-us-canadian-derby-roundup-15th-16th-december-edition.html
https://scottishrollerderby.wordpress.com/2018/12/14/uk-roller-derby-community-reacts-to-nsos-child-abuse-images-conviction-a-roundup-of-current-events/,https://scottishrollerderby.wordpress.com/posts/2018/12/14/uk-roller-derby-community-reacts-to-nsos-child-abuse-images-conviction-a-roundup-of-current-events.html
https://scottishrollerderby.wordpress.com/2019/01/09/national-champions-2018-a-review-of-the-year/,https://scottishrollerderby.wordpress.com/posts/2019/01/09/national-champions-2018-a-review-of-the-year.html
https://scottishrollerderby.wordpress.com/2018/12/17/guest-post-trackkarma-a-brief-review-from-a-total-technophobe/,https://scottishrollerderby.wordpress.com/posts/2018/12/17/guest-post-trackkarma-a-brief-review-from-a-total-technophobe.html
https://scottishrollerderby.wordpress.com/2018/12/18/non-us-canadian-derby-roundup-22nd-december-to-end-of-year-edition/,https://scottishrollerderby.wordpress.com/posts/2018/12/18/non-us-canadian-derby-roundup-22nd-december-to-end-of-year-edition.html
https://scottishrollerderby.wordpress.com/tag/tiger-bay-brawlers,/categories/tiger-bay-brawlers/
https://scottishrollerderby.wordpress.com/tag/auld-reekie-roller-girls,/categories/auld-reekie-roller-girls/
https://scottishrollerderby.wordpress.com/tag/team-czech,/categories/team-czech/
https://scottishrollerderby.wordpress.com/tag/asociacion-mexicana-de-roller-derby,/categories/asociacion-mexicana-de-roller-derby/
https://scottishrollerderby.wordpress.com/tag/fundraiser-event,/categories/fundraiser-event/
https://scottishrollerderby.wordpress.com/tag/roller-derby,/categories/roller-derby/
https://scottishrollerderby.wordpress.com/tag/mrda,/categories/mrda/
https://scottishrollerderby.wordpress.com/tag/pajaros-pintados-roller-derby,/categories/pajaros-pintados-roller-derby/
https://scottishrollerderby.wordpress.com/tag/european-derby,/categories/european-derby/
https://scottishrollerderby.wordpress.com/tag/swedish-seriespel,/categories/swedish-seriespel/
https://scottishrollerderby.wordpress.com/tag/bundesliga,/categories/bundesliga/
https://scottishrollerderby.wordpress.com/tag/prague-city-roller-derby,/categories/prague-city-roller-derby/
https://scottishrollerderby.wordpress.com/tag/birmingham-blitz-dames,/categories/birmingham-blitz-dames/
https://scottishrollerderby.wordpress.com/tag/irish-roller-derby,/categories/irish-roller-derby/
https://scottishrollerderby.wordpress.com/tag/poland,/categories/poland/
https://scottishrollerderby.wordpress.com/tag/slavic-tournament,/categories/slavic-tournament/
https://scottishrollerderby.wordpress.com/tag/mens-roller-derby,/categories/mens-roller-derby/
https://scottishrollerderby.wordpress.com/tag/tyne-and-fear,/categories/tyne-and-fear/
https://scottishrollerderby.wordpress.com/tag/derby-without-borders,/categories/derby-without-borders/
https://scottishrollerderby.wordpress.com/tag/la-boucherie-de-paris,/categories/la-boucherie-de-paris/
https://scottishrollerderby.wordpress.com/tag/roller-derby-sevens,/categories/roller-derby-sevens/
https://scottishrollerderby.wordpress.com/tag/rankings,/categories/rankings/
https://scottishrollerderby.wordpress.com/tag/british-roller-derby-championships,/categories/british-roller-derby-championships/
https://scottishrollerderby.wordpress.com/tag/team-wales-mens,/categories/team-wales-mens/
https://scottishrollerderby.wordpress.com/tag/fundraising-events,/categories/fundraising-events/
https://scottishrollerderby.wordpress.com/tag/ayrshire-roller-derby,/categories/ayrshire-roller-derby/
https://scottishrollerderby.wordpress.com/tag/project-management,/categories/project-management/
https://scottishrollerderby.wordpress.com/tag/dublin-roller-derby,/categories/dublin-roller-derby/
https://scottishrollerderby.wordpress.com/tag/euroclash,/categories/euroclash/
https://scottishrollerderby.wordpress.com/tag/aberdeen,/categories/aberdeen/
https://scottishrollerderby.wordpress.com/tag/short-track-roller-derby,/categories/short-track-roller-derby/
https://scottishrollerderby.wordpress.com/tag/srd-rank,/categories/srd-rank/
https://scottishrollerderby.wordpress.com/tag/articles,/categories/articles/
https://scottishrollerderby.wordpress.com/tag/rules,/categories/rules/
https://scottishrollerderby.wordpress.com/tag/reviews,/categories/reviews/
https://scottishrollerderby.wordpress.com/tag/latin-american-derby,/categories/latin-american-derby/
https://scottishrollerderby.wordpress.com/tag/upcoming-bouts,/categories/upcoming-bouts/
https://scottishrollerderby.wordpress.com/tag/mandragoras,/categories/mandragoras/
https://scottishrollerderby.wordpress.com/tag/bonnie-colliders,/categories/bonnie-colliders/
https://scottishrollerderby.wordpress.com/tag/consensus,/categories/consensus/
https://scottishrollerderby.wordpress.com/tag/testing,/categories/testing/
https://scottishrollerderby.wordpress.com/tag/kyoto-roller-derby,/categories/kyoto-roller-derby/
https://scottishrollerderby.wordpress.com/tag/guest-posts,/categories/guest-posts/
https://scottishrollerderby.wordpress.com/tag/moron,/categories/moron/
https://scottishrollerderby.wordpress.com/tag/2019,/categories/2019/
https://scottishrollerderby.wordpress.com/tag/orkney-viqueens,/categories/orkney-viqueens/
https://scottishrollerderby.wordpress.com/tag/jrda,/categories/jrda/
https://scottishrollerderby.wordpress.com/tag/mexico,/categories/mexico/
https://scottishrollerderby.wordpress.com/tag/violentango,/categories/violentango/
https://scottishrollerderby.wordpress.com/tag/dock-city-rollers,/categories/dock-city-rollers/
https://scottishrollerderby.wordpress.com/tag/dundee-roller-derby,/categories/dundee-roller-derby/
https://scottishrollerderby.wordpress.com/tag/grangemouth,/categories/grangemouth/
https://scottishrollerderby.wordpress.com/tag/silver-city-cup,/categories/silver-city-cup/
https://scottishrollerderby.wordpress.com/tag/international,/categories/international/
https://scottishrollerderby.wordpress.com/tag/hienas-de-la-calle,/categories/hienas-de-la-calle/
https://scottishrollerderby.wordpress.com/tag/competition,/categories/competition/
https://scottishrollerderby.wordpress.com/tag/events,/categories/events/
https://scottishrollerderby.wordpress.com/tag/baltic-roller-derby,/categories/baltic-roller-derby/
https://scottishrollerderby.wordpress.com/tag/central-city-rollergirls,/categories/central-city-rollergirls/
https://scottishrollerderby.wordpress.com/tag/go-go-gent-roller-derby,/categories/go-go-gent-roller-derby/
https://scottishrollerderby.wordpress.com/tag/torneo-x,/categories/torneo-x/
https://scottishrollerderby.wordpress.com/tag/bout-reports,/categories/bout-reports/
https://scottishrollerderby.wordpress.com/tag/tools,/categories/tools/
https://scottishrollerderby.wordpress.com/tag/annoucements,/categories/annoucements/
https://scottishrollerderby.wordpress.com/tag/2018-season,/categories/2018-season/
https://scottishrollerderby.wordpress.com/tag/torneo-nacional-de-roller-derby,/categories/torneo-nacional-de-roller-derby/
https://scottishrollerderby.wordpress.com/tag/tournaments,/categories/tournaments/
https://scottishrollerderby.wordpress.com/tag/2018-upcoming-bout,/categories/2018-upcoming-bout/
https://scottishrollerderby.wordpress.com/tag/golden-city-roller-derby,/categories/golden-city-roller-derby/
https://scottishrollerderby.wordpress.com/tag/skelpies,/categories/skelpies/
https://scottishrollerderby.wordpress.com/tag/fear-amp-lothian,/categories/fear-amp-lothian/
https://scottishrollerderby.wordpress.com/tag/international-derby,/categories/international-derby/
https://scottishrollerderby.wordpress.com/tag/communication,/categories/communication/
https://scottishrollerderby.wordpress.com/tag/rayo-naranja,/categories/rayo-naranja/
https://scottishrollerderby.wordpress.com/tag/alianza-rebelde,/categories/alianza-rebelde/
https://scottishrollerderby.wordpress.com/tag/central-belters,/categories/central-belters/
https://scottishrollerderby.wordpress.com/tag/kallio-rolling-rainbow,/categories/kallio-rolling-rainbow/
https://scottishrollerderby.wordpress.com/tag/national-derby-fest,/categories/national-derby-fest/
https://scottishrollerderby.wordpress.com/tag/team-italy-mens,/categories/team-italy-mens/
https://scottishrollerderby.wordpress.com/tag/2x4-roller-derby,/categories/2x4-roller-derby/
https://scottishrollerderby.wordpress.com/tag/derby-stance,/categories/derby-stance/
https://scottishrollerderby.wordpress.com/tag/super-smash-brollers,/categories/super-smash-brollers/
https://scottishrollerderby.wordpress.com/tag/atomic-bombs-roller-derby,/categories/atomic-bombs-roller-derby/
https://scottishrollerderby.wordpress.com/tag/white-night-furies,/categories/white-night-furies/
https://scottishrollerderby.wordpress.com/tag/crash-test-brummies,/categories/crash-test-brummies/
https://scottishrollerderby.wordpress.com/tag/crowdfunding,/categories/crowdfunding/
https://scottishrollerderby.wordpress.com/tag/software,/categories/software/
https://scottishrollerderby.wordpress.com/tag/eroc,/categories/eroc/
https://scottishrollerderby.wordpress.com/tag/upcoming-events,/categories/upcoming-events/
https://scottishrollerderby.wordpress.com/tag/granite-city-brawlers,/categories/granite-city-brawlers/
https://scottishrollerderby.wordpress.com/tag/fight-hawks,/categories/fight-hawks/
https://scottishrollerderby.wordpress.com/tag/flat-track-stats,/categories/flat-track-stats/
https://scottishrollerderby.wordpress.com/tag/inverness-city-roller-derby,/categories/inverness-city-roller-derby/
https://scottishrollerderby.wordpress.com/tag/japan,/categories/japan/
https://scottishrollerderby.wordpress.com/tag/up-coming-games,/categories/up-coming-games/
https://scottishrollerderby.wordpress.com/tag/british-championship,/categories/british-championship/
https://scottishrollerderby.wordpress.com/tag/gray-city-rebels,/categories/gray-city-rebels/
https://scottishrollerderby.wordpress.com/tag/trackkarma,/categories/trackkarma/
https://scottishrollerderby.wordpress.com/tag/painted-birds-roller-derby,/categories/painted-birds-roller-derby/
https://scottishrollerderby.wordpress.com/tag/south-wales-silures,/categories/south-wales-silures/
https://scottishrollerderby.wordpress.com/tag/fear-maidens,/categories/fear-maidens/
https://scottishrollerderby.wordpress.com/tag/home-season-tournament,/categories/home-season-tournament/
https://scottishrollerderby.wordpress.com/tag/waterford-viqueens,/categories/waterford-viqueens/
https://scottishrollerderby.wordpress.com/tag/sarcasticats,/categories/sarcasticats/
https://scottishrollerderby.wordpress.com/tag/international-roller-derby,/categories/international-roller-derby/
https://scottishrollerderby.wordpress.com/tag/dnn,/categories/dnn/
https://scottishrollerderby.wordpress.com/tag/fair-city-rollers,/categories/fair-city-rollers/
https://scottishrollerderby.wordpress.com/tag/national-tournament,/categories/national-tournament/
https://scottishrollerderby.wordpress.com/tag/surveys,/categories/surveys/
https://scottishrollerderby.wordpress.com/tag/regional-occidente,/categories/regional-occidente/
https://scottishrollerderby.wordpress.com/tag/scottish-roller-derby,/categories/scottish-roller-derby/
https://scottishrollerderby.wordpress.com/tag/wftda-championships,/categories/wftda-championships/
https://scottishrollerderby.wordpress.com/tag/ukrda-directors,/categories/ukrda-directors/
https://scottishrollerderby.wordpress.com/tag/suomi-cup,/categories/suomi-cup/
https://scottishrollerderby.wordpress.com/tag/southern-discomfort,/categories/southern-discomfort/
https://scottishrollerderby.wordpress.com/tag/granite-city-roller-derby,/categories/granite-city-roller-derby/
https://scottishrollerderby.wordpress.com/tag/rdwc,/categories/rdwc/
https://scottishrollerderby.wordpress.com/tag/central-city-roller-derby,/categories/central-city-roller-derby/
https://scottishrollerderby.wordpress.com/tag/tampere-rollin-bros,/categories/tampere-rollin-bros/
https://scottishrollerderby.wordpress.com/tag/granite-city,/categories/granite-city/
https://scottishrollerderby.wordpress.com/tag/australian-mens-nationals,/categories/australian-mens-nationals/
https://scottishrollerderby.wordpress.com/tag/mrdwc-2018,/categories/mrdwc-2018/
https://scottishrollerderby.wordpress.com/tag/league-management,/categories/league-management/
https://scottishrollerderby.wordpress.com/tag/a-chat-with,/categories/a-chat-with/
https://scottishrollerderby.wordpress.com/tag/dundee-roller-girls,/categories/dundee-roller-girls/
https://scottishrollerderby.wordpress.com/tag/dundee,/categories/dundee/
https://scottishrollerderby.wordpress.com/tag/steel-city-roller-derby,/categories/steel-city-roller-derby/
https://scottishrollerderby.wordpress.com/tag/distrital,/categories/distrital/
https://scottishrollerderby.wordpress.com/tag/junior-roller-derby,/categories/junior-roller-derby/
https://scottishrollerderby.wordpress.com/tag/london-rockin-rollers,/categories/london-rockin-rollers/
https://scottishrollerderby.wordpress.com/tag/brazil,/categories/brazil/
https://scottishrollerderby.wordpress.com/tag/the-big-blether,/categories/the-big-blether/
https://scottishrollerderby.wordpress.com/tag/bairn-city-rollers,/categories/bairn-city-rollers/
https://scottishrollerderby.wordpress.com/tag/austrian-nationals,/categories/austrian-nationals/
https://scottishrollerderby.wordpress.com/tag/brasileirao-de-roller-derby,/categories/brasileirao-de-roller-derby/
https://scottishrollerderby.wordpress.com/tag/open,/categories/open/
https://scottishrollerderby.wordpress.com/tag/ingria-rollers,/categories/ingria-rollers/
https://scottishrollerderby.wordpress.com/tag/bairn,/categories/bairn/
https://scottishrollerderby.wordpress.com/tag/news,/categories/news/
https://scottishrollerderby.wordpress.com/tag/colombia,/categories/colombia/
https://scottishrollerderby.wordpress.com/tag/ukrda,/categories/ukrda/
https://scottishrollerderby.wordpress.com/tag/mrdwc,/categories/mrdwc/
https://scottishrollerderby.wordpress.com/tag/interviews,/categories/interviews/
https://scottishrollerderby.wordpress.com/tag/new-town-roller-girls,/categories/new-town-roller-girls/
https://scottishrollerderby.wordpress.com/tag/fundraising,/categories/fundraising/
https://scottishrollerderby.wordpress.com/tag/team-poland-mens-roller-derby,/categories/team-poland-mens-roller-derby/
https://scottishrollerderby.wordpress.com/tag/mens-roller-derby-scotland,/categories/mens-roller-derby-scotland/
https://scottishrollerderby.wordpress.com/tag/middlesbrough-roller-derby,/categories/middlesbrough-roller-derby/
https://scottishrollerderby.wordpress.com/tag/ladies-of-helltown,/categories/ladies-of-helltown/
https://scottishrollerderby.wordpress.com/tag/guest-articles,/categories/guest-articles/
https://scottishrollerderby.wordpress.com/tag/derby-nights-4x4,/categories/derby-nights-4x4/
https://scottishrollerderby.wordpress.com/tag/statistics,/categories/statistics/
https://scottishrollerderby.wordpress.com/tag/pan-asian-spring-rollers,/categories/pan-asian-spring-rollers/
https://scottishrollerderby.wordpress.com/tag/rule56,/categories/rule56/
https://scottishrollerderby.wordpress.com/tag/wonderclan,/categories/wonderclan/
https://scottishrollerderby.wordpress.com/tag/derby-directory,/categories/derby-directory/
https://scottishrollerderby.wordpress.com/tag/hard-breaking-dolls,/categories/hard-breaking-dolls/
https://scottishrollerderby.wordpress.com/tag/mdqueens,/categories/mdqueens/
https://scottishrollerderby.wordpress.com/tag/brazilian-roller-derby,/categories/brazilian-roller-derby/
https://scottishrollerderby.wordpress.com/tag/bear-city-roller-derby,/categories/bear-city-roller-derby/
https://scottishrollerderby.wordpress.com/tag/agm,/categories/agm/
https://scottishrollerderby.wordpress.com/tag/top-10-championships,/categories/top-10-championships/
https://scottishrollerderby.wordpress.com/tag/tournament,/categories/tournament/
https://scottishrollerderby.wordpress.com/tag/team-south-africa,/categories/team-south-africa/
https://scottishrollerderby.wordpress.com/tag/bangkok-roller-derby,/categories/bangkok-roller-derby/
https://scottishrollerderby.wordpress.com/tag/roller-derby-bootcamps,/categories/roller-derby-bootcamps/
https://scottishrollerderby.wordpress.com/tag/mean-city,/categories/mean-city/
https://scottishrollerderby.wordpress.com/tag/championnat-de-france,/categories/championnat-de-france/
https://scottishrollerderby.wordpress.com/tag/announcements,/categories/announcements/
https://scottishrollerderby.wordpress.com/tag/vratislavia-madchix,/categories/vratislavia-madchix/
https://scottishrollerderby.wordpress.com/tag/in-the-news,/categories/in-the-news/
https://scottishrollerderby.wordpress.com/tag/all-gender-roller-derby,/categories/all-gender-roller-derby/
https://scottishrollerderby.wordpress.com/tag/team-poland,/categories/team-poland/
https://scottishrollerderby.wordpress.com/tag/desalmadas,/categories/desalmadas/
https://scottishrollerderby.wordpress.com/tag/team-gb-juniors,/categories/team-gb-juniors/
https://scottishrollerderby.wordpress.com/tag/kamiquadz,/categories/kamiquadz/
https://scottishrollerderby.wordpress.com/tag/uruguay,/categories/uruguay/
https://scottishrollerderby.wordpress.com/tag/jewish-roller-derby,/categories/jewish-roller-derby/
https://scottishrollerderby.wordpress.com/tag/tyne-amp-fear,/categories/tyne-amp-fear/
https://scottishrollerderby.wordpress.com/tag/rocket-dolls-roller-derby,/categories/rocket-dolls-roller-derby/
https://scottishrollerderby.wordpress.com/tag/bcr,/categories/bcr/
https://scottishrollerderby.wordpress.com/tag/vagine-regime-uk,/categories/vagine-regime-uk/
https://scottishrollerderby.wordpress.com/tag/grangemouth-sports-complex,/categories/grangemouth-sports-complex/
https://scottishrollerderby.wordpress.com/tag/south-africa,/categories/south-africa/
https://scottishrollerderby.wordpress.com/tag/newcastle-roller-girls,/categories/newcastle-roller-girls/
https://scottishrollerderby.wordpress.com/tag/mens-roller-derby-world-cup,/categories/mens-roller-derby-world-cup/
https://scottishrollerderby.wordpress.com/tag/auld-reekie-roller-derby,/categories/auld-reekie-roller-derby/
https://scottishrollerderby.wordpress.com/tag/officials,/categories/officials/
https://scottishrollerderby.wordpress.com/tag/rollercon,/categories/rollercon/
https://scottishrollerderby.wordpress.com/tag/training,/categories/training/
https://scottishrollerderby.wordpress.com/tag/collaboration,/categories/collaboration/
https://scottishrollerderby.wordpress.com/tag/lothian-derby-dolls,/categories/lothian-derby-dolls/
https://scottishrollerderby.wordpress.com/tag/fawkes,/categories/fawkes/
https://scottishrollerderby.wordpress.com/tag/riga-roller-derby,/categories/riga-roller-derby/
https://scottishrollerderby.wordpress.com/tag/rdbe,/categories/rdbe/
https://scottishrollerderby.wordpress.com/tag/wftda,/categories/wftda/
https://scottishrollerderby.wordpress.com/tag/power-of-scotland,/categories/power-of-scotland/
https://scottishrollerderby.wordpress.com/tag/czech-republic,/categories/czech-republic/
https://scottishrollerderby.wordpress.com/tag/lottery-funding,/categories/lottery-funding/
https://scottishrollerderby.wordpress.com/tag/chile,/categories/chile/
https://scottishrollerderby.wordpress.com/tag/team-scotland,/categories/team-scotland/
https://scottishrollerderby.wordpress.com/tag/rebranding,/categories/rebranding/
https://scottishrollerderby.wordpress.com/tag/team-russia,/categories/team-russia/
https://scottishrollerderby.wordpress.com/tag/mean-city-roller-derby,/categories/mean-city-roller-derby/
https://scottishrollerderby.wordpress.com/tag/weekly-roundup,/categories/weekly-roundup/
https://scottishrollerderby.wordpress.com/tag/review,/categories/review/
https://scottishrollerderby.wordpress.com/tag/pivotstar-rules,/categories/pivotstar-rules/
https://scottishrollerderby.wordpress.com/tag/coimbra,/categories/coimbra/
https://scottishrollerderby.wordpress.com/tag/polish-roller-derby,/categories/polish-roller-derby/
https://scottishrollerderby.wordpress.com/tag/the-skelpies,/categories/the-skelpies/
https://scottishrollerderby.wordpress.com/tag/coaching,/categories/coaching/
https://scottishrollerderby.wordpress.com/tag/silvery-tayzers,/categories/silvery-tayzers/
https://scottishrollerderby.wordpress.com/tag/campeonato-nacional-de-roller-derby,/categories/campeonato-nacional-de-roller-derby/
https://scottishrollerderby.wordpress.com/tag/continental-cup,/categories/continental-cup/
https://scottishrollerderby.wordpress.com/tag/gcrd,/categories/gcrd/
